Company,TypeName,Inches,ScreenResolution,Cpu,Ram,Memory,Gpu,OpSys,Weight,Price
1,4,13.3,23,65,9,4,58,8,1.37,71378.6832
1,4,13.3,1,63,9,2,51,8,1.34,47895.5232
7,3,15.6,8,74,9,16,53,4,1.86,30636.0
1,4,15.4,25,85,1,29,9,8,1.83,135195.336
1,4,13.3,23,67,9,16,59,8,1.37,96095.808
0,3,15.6,0,14,6,26,17,5,2.1,21312.0
1,4,15.4,25,84,1,15,60,3,2.04,114017.6016
1,4,13.3,1,63,9,15,51,8,1.34,61735.536
2,4,14.0,8,106,1,29,98,5,1.3,79653.6
0,4,14.0,15,83,9,16,61,5,1.6,41025.6
7,3,15.6,0,74,6,26,53,4,1.86,20986.992
7,3,15.6,8,56,6,26,47,4,1.86,18381.0672
1,4,15.4,25,86,1,16,10,8,1.83,130001.6016
4,3,15.6,8,56,6,16,24,5,2.2,26581.392
1,4,12.0,22,51,9,16,52,8,0.92,67260.672
1,4,13.3,23,65,9,16,58,8,1.37,80908.344
4,3,15.6,8,97,9,16,24,5,2.2,39693.6
1,4,15.4,25,87,1,29,11,8,1.83,152274.24
10,3,15.6,8,59,9,10,72,4,2.2,26586.72
4,4,13.3,13,83,9,4,61,5,1.22,52161.12
10,1,15.6,15,77,9,5,75,5,2.5,53226.72
7,3,15.6,0,22,6,26,12,4,1.86,13746.24
4,0,13.3,7,83,9,16,61,5,1.62,43636.32
7,4,15.6,8,106,9,16,53,5,1.91,35111.52
4,3,15.6,0,56,6,10,47,5,2.3,22305.1392
1,4,13.3,1,62,9,2,51,3,1.35,58554.72
4,3,15.6,8,83,9,16,7,5,2.2,42624.0
4,4,15.6,8,107,9,19,61,5,1.88,69157.44
7,3,17.3,8,83,9,10,69,5,2.5,47738.88
3,3,15.6,8,29,6,35,40,5,1.89,13053.0672
2,3,14.0,0,20,4,23,12,5,1.65,10602.72
7,3,17.3,8,8,6,26,7,5,2.71,23389.92
4,4,13.3,35,106,1,29,61,5,1.2,99580.32
1,4,13.3,1,62,9,15,51,3,1.35,53173.44
10,3,14.0,0,37,6,35,43,5,1.44,13266.72
0,3,15.6,0,60,6,10,53,2,2.1,19553.76
4,3,17.3,15,83,9,5,7,5,2.8,52161.12
7,3,15.6,0,74,6,10,53,5,1.86,26037.4032
7,3,15.6,8,83,9,16,70,5,2.1,46833.12
2,3,15.6,8,56,6,10,53,2,2.0,20725.92
4,1,15.6,15,102,1,18,79,5,2.65,79866.72
2,3,15.6,0,74,9,10,72,2,2.3,27864.9072
0,3,15.6,15,83,6,16,61,5,2.2,36336.96
4,0,17.3,7,83,0,10,63,5,2.77,53226.72
1,4,13.3,23,64,9,16,56,8,1.37,75604.32
2,1,17.3,8,26,9,18,37,5,3.2,69210.72
4,3,15.6,8,74,6,16,24,5,2.3,34045.92
2,3,17.3,0,113,6,10,66,5,2.8,24828.48
0,3,15.6,15,106,9,16,98,5,2.2,44808.48
7,3,15.6,8,8,6,16,16,5,1.86,21231.5472
7,3,13.3,8,106,9,29,61,5,1.49,58767.84
0,3,15.6,0,59,6,10,53,5,2.4,20459.52
4,3,15.6,8,106,9,16,6,5,2.13,40908.384
7,3,15.6,8,56,6,4,47,5,1.91,23389.92
2,3,15.6,0,74,6,16,53,5,2.0,31232.2032
11,1,17.3,8,102,1,20,80,5,2.43,130482.72
2,3,15.6,8,56,6,16,47,2,2.0,22111.2
4,3,17.3,8,106,1,20,7,5,2.8,69210.72
4,4,14.0,8,83,9,16,61,5,1.7,46833.12
10,3,14.0,15,60,9,16,53,4,1.7,31914.72
2,3,14.0,8,83,9,16,61,5,1.4,50136.48
7,3,15.6,8,74,9,16,53,5,1.86,36763.2
2,4,15.6,8,102,1,29,76,5,1.8,105654.24
7,3,15.6,0,56,6,26,6,5,1.86,23373.4032
7,3,14.0,0,36,6,25,41,5,1.44,12201.12
10,3,15.6,8,74,6,10,53,5,1.9,29250.72
2,1,17.3,8,102,0,10,76,2,3.0,50562.72
13,4,13.5,37,74,6,4,53,6,1.252,58021.92
4,4,13.3,15,106,7,16,7,5,1.4,50882.4
4,3,15.6,8,106,9,16,7,5,2.2,46353.6
11,1,17.3,8,77,9,5,75,5,2.7,58341.6
0,3,14.0,0,56,9,10,47,5,2.1,20725.92
2,1,15.6,8,102,9,10,75,5,2.2,50562.72
10,3,15.6,8,74,9,22,53,4,2.2,27652.32
4,3,15.6,8,106,9,5,61,5,2.02,45554.4
0,3,15.6,8,60,6,10,97,5,2.2,28238.4
7,3,17.3,8,83,9,5,69,5,2.5,52054.56
4,4,15.6,15,83,9,16,61,5,1.88,58403.4048
1,4,12.0,22,61,9,29,52,8,0.92,80452.8
7,3,14.0,8,83,9,16,53,5,1.63,45820.8
10,3,15.6,8,8,6,4,5,5,2.2,21258.72
0,3,15.6,0,14,6,10,17,5,2.1,21045.6
4,1,15.6,15,102,1,5,76,5,2.65,71874.72
7,4,15.6,15,106,9,16,85,5,1.83,37242.72
7,3,15.6,8,74,9,16,53,5,1.96,31914.1872
2,1,15.6,15,102,1,5,79,5,2.2,77202.72
4,4,13.3,15,106,9,16,61,5,1.21,87858.72
2,1,15.6,8,24,9,10,36,5,2.45,37242.72
0,3,15.6,8,106,4,10,98,5,2.2,36709.92
7,3,13.3,8,106,1,29,61,5,1.49,63776.16
4,1,15.6,8,77,9,16,79,5,2.65,63669.6
2,4,14.0,8,97,9,16,53,5,1.25,55890.72
0,0,13.3,13,83,9,16,61,5,1.5,45128.16
4,3,15.6,8,97,9,10,24,2,2.2,31962.672
4,3,15.6,8,56,6,16,24,2,2.2,25840.8
2,3,15.6,8,59,8,16,65,5,2.0,30742.56
7,1,15.6,15,102,0,5,75,5,2.62,66546.72
7,3,15.6,8,97,9,16,7,5,1.91,38308.32
7,3,15.6,8,22,6,26,12,5,2.1,18594.72
4,3,15.6,8,83,9,10,6,2,2.2,34472.16
7,4,13.3,15,97,9,16,98,5,1.38,59620.32
13,4,13.5,37,74,9,16,53,6,1.252,71395.2
7,3,14.0,15,74,8,16,72,5,1.58,35111.52
10,3,15.6,8,56,6,10,47,5,1.85,22105.872
2,4,14.0,15,97,9,16,72,5,1.3,63563.04
11,1,15.6,8,102,1,18,76,5,2.2,69210.72
10,3,14.0,15,97,9,16,53,5,1.58,78854.4
2,4,15.6,8,106,1,18,98,5,1.5,67239.36
4,4,13.3,31,98,9,16,58,5,1.23,73473.12
10,0,13.3,13,74,9,16,53,5,1.37,74538.72
7,3,14.0,9,83,6,26,61,5,1.63,38468.16
4,4,13.3,15,83,9,16,61,5,1.21,86793.12
7,3,14.0,8,106,9,29,61,5,1.63,57755.52
4,3,15.6,15,106,9,18,72,5,2.16,60223.9824
2,3,17.3,8,56,6,10,66,5,2.0,30049.92
2,3,15.6,8,106,9,16,72,5,1.7,59567.04
0,3,15.6,13,59,8,10,53,5,2.1,25521.12
11,1,15.6,8,102,1,20,80,5,1.8,119427.12
10,3,15.6,8,74,9,16,72,4,2.2,33513.12
7,3,17.3,8,106,1,29,70,5,2.5,67718.88
0,3,15.6,0,14,6,16,17,5,2.1,24029.28
7,3,14.0,8,83,9,10,61,5,1.63,43263.36
2,3,14.0,0,16,6,37,12,6,1.65,14811.3072
4,3,17.3,8,106,1,20,7,5,2.8,74378.88
7,3,17.3,8,83,9,16,61,5,2.5,49443.84
4,3,15.6,0,74,9,10,30,5,2.36,34045.3872
4,3,15.6,8,56,6,10,24,5,2.2,23922.72
0,4,14.0,15,106,9,16,61,5,1.6,47099.52
0,3,15.6,8,60,6,16,97,5,7.2,30476.16
7,3,15.6,0,97,9,10,53,5,2.05,31861.44
7,3,14.0,8,106,9,16,61,5,1.63,52640.64
10,3,15.6,0,37,6,10,43,4,1.9,13445.7408
2,1,17.3,8,77,9,5,75,5,3.0,49976.64
10,3,15.6,8,74,6,10,66,4,2.2,26586.72
7,3,13.3,15,74,6,16,53,5,1.32,37242.72
0,3,17.3,15,60,6,10,97,5,3.0,34898.4
10,3,14.0,15,83,9,16,35,5,1.75,59461.5456
10,1,15.6,15,102,9,16,77,4,2.4,46300.32
16,3,15.6,0,68,6,26,47,5,2.1,32074.56
7,3,15.6,0,8,6,16,16,5,1.86,19660.32
2,4,14.0,8,106,9,16,61,5,1.25,58554.72
7,4,12.5,11,47,9,29,46,5,0.97,107305.92
2,3,15.6,8,37,6,10,43,5,2.0,18328.32
0,3,15.6,0,56,6,10,47,5,2.1,23816.16
4,1,15.6,8,102,1,29,75,5,2.56,66560.5728
4,1,15.6,8,102,9,1,75,5,2.62,47898.72
10,3,15.6,0,74,6,4,53,5,1.9,26533.44
11,1,17.3,8,102,1,18,79,5,2.8,100699.2
7,4,14.0,8,80,6,16,53,5,1.48,57648.96
7,3,15.6,8,83,8,16,6,5,1.91,32980.32
10,0,14.0,13,59,6,16,53,5,1.74,33513.12
2,0,13.3,7,83,9,16,53,5,1.1,70063.2
4,0,15.6,7,106,9,16,61,5,1.56,55890.72
16,3,15.6,0,55,6,26,47,5,2.1,23816.16
2,3,15.6,0,14,6,10,22,5,2.03,21471.84
0,3,17.3,15,83,6,16,98,5,3.0,42890.4
4,3,15.6,8,83,9,16,6,5,2.13,38787.84
10,1,15.6,15,102,1,16,76,5,2.5,57489.12
0,3,15.6,0,37,6,10,43,5,2.1,18541.44
11,1,15.6,15,102,1,18,79,5,2.4,95850.72
0,3,15.6,0,113,6,10,44,5,2.1,19367.8128
4,1,15.6,8,102,9,5,75,5,2.56,56502.9072
0,3,17.3,15,83,9,16,98,5,3.0,45501.12
7,3,13.3,15,83,6,26,61,5,1.49,40173.12
8,4,13.0,17,74,9,16,53,5,1.05,71874.72
7,3,17.3,15,74,8,22,6,5,2.71,37242.72
10,3,15.6,0,9,6,26,16,4,2.2,16463.52
16,3,15.6,0,59,6,26,53,5,5.4,26053.92
7,3,17.3,8,83,9,16,69,5,2.5,49177.44
4,3,15.6,0,59,9,10,53,5,2.3,24455.52
0,3,15.6,0,56,6,4,47,5,2.1,23922.72
11,1,18.4,8,95,5,31,62,5,4.4,149130.72
10,3,15.6,8,74,9,5,4,5,1.9,43316.64
7,0,13.3,11,83,9,16,61,5,1.29,79866.72
4,3,15.6,8,106,1,20,7,2,2.02,55890.72
4,4,13.3,8,83,9,16,61,5,1.23,74538.72
10,0,13.9,11,106,1,29,61,5,1.4,98514.72
16,3,15.6,0,74,9,4,53,5,2.0,42251.04
18,3,15.6,15,83,9,16,98,4,1.95,63882.72
4,3,17.3,7,106,1,29,63,5,2.77,82530.72
4,3,15.6,5,102,1,29,75,5,2.06,127712.16
10,1,15.6,15,77,9,16,75,4,2.4,41505.12
0,4,13.3,15,81,9,16,52,5,1.12,52693.92
4,3,17.3,8,106,9,5,7,5,2.8,57808.8
17,3,14.0,15,37,6,23,43,5,1.3,13852.8
18,4,13.3,15,74,9,16,98,4,1.3,53274.672
10,3,17.3,2,83,9,16,98,4,2.8,37189.44
4,0,13.3,13,106,9,10,61,5,1.62,44701.92
7,3,17.3,15,83,9,10,69,5,2.5,48697.92
14,1,17.3,5,103,5,12,82,5,3.49,324954.72
7,3,13.3,8,83,9,29,61,5,1.49,51095.52
7,1,17.3,15,102,1,18,75,5,3.35,73473.12
7,3,17.3,8,106,9,16,70,5,2.5,55677.6
4,1,15.6,12,102,1,31,79,5,2.65,98301.6
10,3,15.6,0,68,6,4,47,5,2.1,26267.04
0,3,15.6,8,97,9,10,72,5,2.23,39533.76
10,1,15.6,15,102,1,31,79,5,3.2,93186.72
4,5,15.6,6,114,1,18,101,5,2.8,162770.4
10,1,15.6,8,102,1,29,79,4,2.4,74485.44
4,3,15.6,36,59,8,10,53,5,2.3,23389.92
4,4,13.3,11,106,9,16,61,5,1.21,103842.72
0,3,15.6,8,102,9,10,75,2,2.4,41505.12
2,1,17.3,8,102,1,18,75,5,2.9,74964.96
7,3,15.6,8,56,6,26,47,4,2.1,18594.72
10,3,15.6,8,74,9,16,53,4,2.2,29250.72
8,4,13.0,17,97,9,29,53,5,1.05,79866.72
4,4,13.3,15,106,9,16,7,5,1.4,49650.5664
10,3,17.3,2,74,9,10,85,4,2.8,31381.92
7,3,14.0,8,106,9,16,69,5,1.63,54931.68
4,4,14.0,8,83,9,16,61,5,1.6,61218.72
4,0,13.3,7,106,1,29,61,5,1.62,68145.12
4,3,15.6,8,83,9,16,6,2,2.2,36089.208
10,0,14.0,15,83,9,16,61,5,1.74,47898.72
16,4,13.3,8,89,9,16,47,5,1.2,72620.64
7,3,15.6,8,83,9,10,61,5,2.1,42304.32
4,1,17.3,15,102,1,18,79,5,4.42,130873.7952
0,3,15.6,8,97,9,16,72,5,2.2,44328.96
4,3,15.6,7,97,1,10,30,5,2.3,45768.0528
2,3,15.6,8,74,9,16,67,5,2.0,40972.32
2,3,17.3,8,74,9,21,86,5,2.69,47472.48
7,3,15.6,8,97,9,10,1,5,1.9,67612.32
2,3,15.6,0,59,6,10,53,5,2.37,21258.1872
7,3,15.6,0,19,6,26,12,5,2.1,17582.4
10,1,15.6,15,102,1,18,79,5,3.2,79866.72
4,3,14.0,8,74,9,16,53,5,1.6,45767.52
0,0,13.3,13,68,9,16,47,5,1.6,36709.92
4,3,15.6,8,97,1,16,30,2,2.36,47898.72
0,3,15.6,0,56,6,10,47,2,2.1,20779.2
2,3,15.6,8,2,6,5,24,5,2.2,30636.0
2,1,17.3,8,103,5,31,82,5,4.7,207259.2
0,1,15.6,15,77,9,16,75,5,2.5,45074.88
10,3,15.6,0,56,9,4,47,5,7.2,31381.92
2,3,17.3,8,106,9,5,63,5,2.1,61005.6
2,3,17.3,8,97,9,5,86,4,2.69,47365.92
4,1,15.6,8,77,9,16,75,5,2.56,46833.12
10,0,13.9,13,97,9,16,53,5,1.38,57489.12
4,3,15.6,8,106,9,6,7,5,2.2,52480.8
7,3,15.6,36,74,9,10,53,5,2.04,29783.52
2,1,17.3,8,103,1,16,82,5,3.6,159786.72
7,3,13.3,15,83,6,26,61,5,1.49,35964.0
1,4,13.3,23,67,9,29,59,8,1.37,108691.2
4,0,15.6,13,106,9,10,61,5,2.08,43636.32
2,1,17.3,8,102,1,18,93,5,4.3,95850.72
2,3,15.6,0,14,6,10,22,5,1.68,24988.32
10,0,13.9,13,106,9,29,61,5,1.37,98514.72
0,3,17.3,15,60,6,16,97,5,3.0,37402.56
4,4,13.3,8,83,9,16,61,5,1.41,50562.72
7,3,15.6,0,10,9,4,16,5,1.91,23757.552
7,3,17.3,15,106,1,10,98,5,2.9,56423.52
11,1,17.3,8,102,1,31,80,5,4.14,133146.72
10,0,15.6,13,102,9,29,77,5,2.0,90522.72
4,3,17.3,8,106,9,5,7,5,2.8,60845.76
10,3,15.6,8,56,6,16,47,4,2.2,23656.32
7,3,15.6,15,83,6,26,53,5,2.1,38468.16
4,3,15.6,8,74,6,10,53,5,2.18,35004.96
4,3,15.6,8,74,9,10,24,5,2.24,30103.2
4,0,15.6,7,83,9,16,61,5,2.67,42570.72
2,0,13.3,7,106,9,34,61,5,4.1,79866.72
7,3,17.3,8,106,9,10,70,5,2.5,54239.04
10,3,15.6,8,106,9,16,61,5,2.05,46886.4
1,4,13.3,23,66,9,29,57,8,1.37,104370.192
2,1,17.3,8,26,1,18,37,5,3.2,82530.72
4,3,15.6,8,106,9,16,6,2,2.14,39164.5296
10,0,14.0,39,91,1,29,47,5,1.36,133146.72
16,3,15.6,0,89,9,26,68,5,2.2,43263.36
4,3,15.6,0,97,0,10,53,5,2.3,37992.3696
4,3,17.3,8,106,9,5,7,2,2.8,58554.72
0,3,15.6,15,106,9,10,97,5,2.2,39693.6
10,3,17.3,2,56,6,10,47,5,2.8,26053.92
10,3,17.3,8,106,9,22,98,4,2.8,45234.72
10,3,17.3,2,97,8,5,72,5,2.8,45767.52
4,3,15.6,8,54,6,10,24,2,2.25,22803.84
10,1,15.6,15,77,9,16,75,5,2.5,44169.12
10,3,15.6,8,74,8,16,53,5,2.2,30849.12
0,3,15.6,15,106,9,16,98,5,3.0,50669.28
0,3,15.6,13,97,0,10,53,5,2.15,35111.52
10,3,15.6,15,97,9,16,55,5,1.95,58448.16
2,4,15.6,8,74,9,16,72,5,1.7,52054.56
10,1,15.6,15,102,1,18,76,5,2.5,62817.12
10,3,15.6,8,97,9,10,72,4,2.2,35112.0528
0,3,15.6,0,32,4,8,40,1,2.19,10602.72
2,1,17.3,8,102,9,10,75,5,3.0,63243.36
7,3,17.3,2,56,9,10,47,5,2.54,26053.92
4,3,15.6,8,102,9,16,75,5,2.0,97449.12
10,3,15.6,8,83,9,16,61,5,2.05,39373.92
10,1,15.6,15,102,9,10,79,5,3.2,69210.72
0,3,15.6,8,102,9,16,76,2,2.5,52161.12
4,5,17.3,8,104,1,16,101,5,3.42,153705.3408
10,3,15.6,8,0,8,10,18,5,2.4,26586.72
2,4,15.6,8,97,1,29,72,5,1.63,78215.04
2,3,14.0,0,59,6,4,53,5,1.3,27119.52
2,1,17.3,8,102,1,18,80,5,2.9,113060.16
10,3,17.3,2,74,8,10,84,5,5.8,34578.72
10,3,15.6,0,74,9,22,72,4,2.2,29250.72
2,1,15.6,8,102,9,5,76,5,2.5,67399.2
10,3,15.6,0,113,6,10,44,4,2.2,19180.2672
7,0,13.3,7,99,1,16,53,5,1.28,105228.0
16,3,15.6,15,89,9,16,68,5,2.2,55571.04
10,3,15.6,8,74,9,5,72,5,2.3,43636.32
7,3,15.6,8,56,6,10,47,5,1.86,24988.32
10,3,13.3,15,74,9,16,53,5,1.1,53226.72
4,4,13.3,11,106,1,12,61,5,1.21,133146.72
11,1,15.6,15,102,1,18,80,5,2.8,111834.72
0,3,15.6,8,11,9,16,17,5,2.23,24988.32
2,0,11.6,36,37,4,23,43,5,1.1,14652.0
4,3,15.6,8,83,9,5,7,5,2.33,44968.32
7,0,13.3,11,106,1,12,61,5,1.29,130482.72
10,3,13.3,0,33,6,7,45,1,1.45,24503.472
7,3,14.0,8,74,9,16,53,5,1.95,52214.4
0,3,11.6,0,112,6,2,42,5,1.4,25840.8
7,3,14.0,8,97,9,16,53,5,1.48,68837.76
10,3,17.3,2,74,6,10,66,5,2.79,31381.92
2,3,14.0,8,97,9,16,53,5,2.0,58288.32
7,3,15.6,14,106,9,10,61,5,2.1,48058.56
0,3,15.6,0,4,9,16,34,5,2.2,35111.52
10,3,14.0,0,37,6,23,43,5,1.44,15557.76
0,3,15.6,0,74,8,10,53,5,8.23,29250.72
2,4,15.6,8,97,9,16,72,5,1.7,55938.672
7,4,12.5,8,97,9,16,53,5,1.26,71128.8
4,3,15.6,5,102,5,12,75,5,2.06,140605.92
11,1,17.3,8,102,9,18,76,5,2.7,63882.72
16,3,15.6,15,74,9,16,53,5,2.0,50243.04
2,3,14.0,8,97,9,18,53,5,2.0,71075.52
10,3,15.6,8,56,6,10,47,5,1.85,23922.72
2,1,15.6,8,102,9,16,75,5,2.5,53226.72
7,3,14.0,8,78,9,16,53,5,1.48,67559.04
7,3,15.6,8,74,9,16,53,5,1.84,60952.32
2,3,15.6,0,37,6,10,43,2,2.0,14651.4672
4,3,15.6,8,83,9,16,72,5,2.0,60885.72
4,3,15.6,0,36,6,26,40,2,2.2,14646.672
10,3,15.6,8,5,0,22,7,5,2.2,47898.72
7,3,15.6,15,59,9,10,70,5,2.1,38148.48
10,0,13.9,11,106,1,29,61,5,1.4,111834.72
4,4,13.3,8,106,9,16,61,5,1.2,84129.12
10,1,15.6,15,102,1,20,76,5,2.4,60153.12
7,3,14.0,0,36,4,23,41,5,1.44,14865.12
4,4,15.6,8,107,1,32,61,5,1.88,85672.1088
2,0,11.6,36,37,6,23,43,5,1.5,19980.0
4,4,15.6,8,83,9,10,7,5,0.0002,35324.64
7,3,15.6,8,97,9,16,53,5,1.84,69477.12
11,1,17.3,8,102,9,5,79,5,2.7,75071.52
7,5,15.6,8,102,9,16,101,5,2.6,92615.0256
16,3,15.6,15,89,1,29,68,5,2.4,74751.84
4,3,15.6,8,106,9,6,7,5,2.02,51729.552
10,3,15.6,0,37,6,10,43,4,2.2,17155.6272
4,1,15.6,8,77,9,10,75,5,2.65,53226.72
4,3,15.6,36,74,9,22,53,5,2.36,29696.6736
4,3,14.0,8,78,9,16,53,5,1.36,76030.56
7,3,15.6,0,56,6,26,47,5,1.86,23389.92
2,3,14.0,8,74,9,16,53,5,2.0,50349.6
10,3,17.3,2,74,8,5,85,5,2.8,38308.32
7,3,15.6,8,74,9,10,53,5,1.86,34045.92
10,3,15.6,0,56,9,16,67,4,2.2,26586.72
7,3,15.6,0,112,9,22,42,5,2.04,20725.92
4,3,17.3,8,83,9,5,7,5,2.8,57808.8
10,1,15.6,15,77,9,5,75,4,2.4,43103.52
4,3,15.6,8,97,9,16,30,5,2.33,47898.72
7,4,14.0,15,97,9,16,53,5,1.36,93240.0
2,0,15.6,7,97,0,33,74,5,2.26,58554.72
0,3,15.6,0,14,6,4,17,5,2.1,22697.28
2,1,17.3,15,26,1,18,37,5,3.25,117162.72
10,3,17.3,2,11,6,4,17,5,2.6,26053.92
4,0,13.3,7,106,9,16,61,5,1.62,46300.8528
7,3,15.6,8,14,6,16,17,5,1.91,26053.3872
10,2,11.6,9,41,6,4,43,5,1.59,29463.84
4,3,15.6,0,35,6,26,41,5,1.8,16463.52
2,3,14.0,0,37,6,23,43,5,1.5,15238.08
0,3,15.6,8,102,9,10,75,2,2.4,45074.88
7,1,17.3,15,102,9,5,75,5,3.35,63456.48
10,3,15.6,8,56,6,4,47,4,1.85,21498.48
2,1,15.6,15,102,9,5,79,5,2.3,88178.4
10,3,14.0,15,74,9,16,72,5,1.5,58554.72
2,4,13.3,7,97,1,29,53,5,1.1,93181.392
10,4,14.0,10,97,9,29,53,5,1.13,121584.96
10,3,13.3,15,59,6,4,53,5,1.5,29250.72
4,5,15.6,8,72,9,26,2,5,2.23,72940.32
4,5,15.6,15,94,9,16,101,5,2.0,113752.8
10,0,14.0,39,97,1,29,53,5,1.42,133679.52
2,1,17.3,8,102,9,10,75,5,3.0,55357.92
2,1,17.3,8,102,1,18,76,5,3.0,84768.48
0,3,15.6,9,83,0,10,97,5,2.2,36975.7872
11,1,17.3,8,102,9,16,76,5,2.7,71874.72
4,3,15.6,8,97,9,16,30,2,2.33,41498.1936
7,4,15.6,8,14,6,16,6,5,1.91,26586.72
10,3,15.6,15,106,9,16,35,5,2.1,65510.9568
10,3,14.0,15,74,9,16,53,5,1.9,49976.64
4,5,15.6,5,102,9,16,101,5,1.78,144495.36
10,4,14.0,10,97,1,12,53,5,1.13,139860.0
10,3,15.6,0,37,6,10,43,5,2.2,16303.68
2,1,17.3,8,102,1,18,75,5,2.9,81465.12
10,3,25.6,15,83,9,18,35,5,2.1,60978.96
0,3,15.6,8,102,9,16,75,2,2.5,46833.12
11,1,17.3,8,102,1,18,80,5,2.8,119826.72
2,4,14.0,8,97,9,29,53,5,1.1,99793.44
16,4,13.3,8,89,1,29,47,5,1.2,93080.16
4,4,14.0,8,99,9,29,40,5,1.36,89510.4
10,3,35.6,8,56,6,26,47,5,2.2,21791.52
10,3,11.6,0,37,4,23,43,5,1.15,16221.096
10,5,15.6,8,102,9,29,101,5,2.67,102564.0
10,4,14.0,18,102,9,29,74,5,1.7,103523.04
7,3,15.6,8,56,6,10,6,5,2.1,24988.32
0,0,13.3,13,89,9,16,47,5,1.6,42038.4528
2,0,13.3,13,74,9,16,53,5,1.27,49443.84
4,3,15.6,8,74,6,16,24,2,2.3,31909.392
4,3,13.3,0,56,6,4,47,5,1.65,36709.92
7,4,14.0,8,89,9,16,47,5,1.43,79920.0
4,3,15.6,0,74,9,10,53,5,2.14,28768.536
10,4,14.0,15,106,9,16,35,5,1.75,64755.4464
10,0,15.6,11,102,1,29,75,5,2.0,101178.72
3,3,12.3,24,41,8,35,43,5,1.4,23922.72
7,3,15.6,8,104,9,16,55,5,2.31,76030.56
2,3,35.6,8,59,9,10,72,2,2.3,31808.16
4,1,27.3,10,103,1,18,80,5,4.42,149130.72
4,1,15.6,15,102,9,5,76,5,2.62,61751.52
4,3,15.6,8,106,9,20,7,5,2.02,60867.072
4,4,14.0,8,99,9,16,53,2,1.6,58554.72
7,1,17.3,8,102,0,18,80,5,3.35,106506.72
12,0,11.6,13,37,6,25,43,5,1.16,15930.72
15,2,11.6,0,36,6,7,41,1,1.15,14332.32
10,3,13.3,15,97,9,16,53,5,1.4,53812.8
10,3,14.0,15,60,6,4,53,5,1.7,31914.72
10,5,15.6,12,99,1,29,72,5,2.3,130269.6
10,3,15.6,8,104,1,29,104,5,2.5,130482.72
2,1,17.3,8,25,9,18,37,5,3.2,90309.6
7,3,15.6,0,36,6,26,41,5,2.1,18488.16
6,4,12.3,38,105,1,29,52,1,1.1,117162.72
10,4,24.0,4,97,3,29,53,5,1.32,126912.96
2,3,15.6,8,74,6,16,53,2,2.0,29783.52
10,3,17.3,2,8,9,10,15,5,2.8,27652.32
4,3,15.6,8,83,6,16,7,5,2.2,39906.72
10,4,12.5,15,74,9,16,53,5,1.36,76137.12
10,3,15.6,8,113,6,4,44,5,2.2,18594.72
7,1,15.6,15,102,9,5,75,5,2.2,58554.72
4,3,14.0,8,79,9,16,69,5,1.64,62817.12
0,3,15.6,0,74,6,26,53,2,2.4,23539.104
4,5,15.6,8,114,9,36,108,5,2.23,106187.04
11,1,15.6,8,77,9,16,75,5,2.2,54757.9872
13,4,13.5,37,100,1,29,58,6,1.25,137941.92
7,3,15.6,0,74,9,4,53,5,1.91,31381.92
4,5,15.6,15,94,1,16,108,5,2.17,105228.0
7,5,15.6,15,104,9,29,53,5,2.31,81731.52
10,3,14.0,8,74,9,16,53,5,1.65,71661.6
4,3,15.6,8,106,9,5,7,5,2.36,52161.12
4,0,11.6,36,112,6,26,42,5,1.47,25521.12
4,3,17.3,15,101,9,10,79,5,4.42,109010.88
13,4,13.5,37,52,6,4,52,6,1.252,52693.92
13,4,33.5,37,100,9,16,58,6,1.25,95850.72
7,3,17.3,2,56,9,16,47,5,2.5,34093.872
0,3,15.6,8,56,6,10,72,5,2.23,28984.32
0,2,11.6,0,36,6,4,41,5,1.4,23176.8
2,3,15.6,8,74,9,10,53,5,2.37,39906.72
10,3,14.0,15,97,9,29,31,4,1.5,42570.72
10,3,15.6,8,104,9,16,104,5,2.67,111355.2
2,3,15.6,0,113,6,26,43,5,2.0,16197.12
0,3,15.6,0,56,6,26,85,5,2.2,24988.32
4,3,15.6,8,83,9,22,7,5,2.02,40439.52
7,1,17.3,15,102,0,10,79,5,3.78,90522.72
10,4,14.0,20,91,0,16,47,5,1.4,98994.24
7,0,13.3,11,106,9,29,61,5,1.29,106506.72
7,3,15.6,8,74,9,26,1,5,1.9,61485.12
6,4,12.3,38,82,9,4,52,1,1.1,67932.0
4,4,13.3,7,83,9,16,61,5,1.42,98133.768
2,3,15.6,12,92,0,5,48,5,2.06,69210.72
4,3,14.0,0,58,9,4,47,5,1.79,39427.2
10,3,14.0,8,74,9,9,53,5,1.7,72673.92
16,3,13.3,15,74,9,16,53,5,1.05,89084.16
4,3,15.6,15,106,9,29,72,5,2.16,67239.36
4,3,15.6,0,59,6,10,53,5,2.18,31254.048
7,3,13.3,15,83,6,4,61,5,1.49,38681.28
3,3,15.6,8,30,6,35,40,5,1.89,13261.392
10,3,15.6,0,54,6,4,47,5,2.3,30103.2
10,3,14.0,15,83,9,16,61,5,1.75,55890.72
4,5,15.6,15,94,1,29,108,5,2.17,124568.64
4,3,15.6,8,102,1,29,75,5,2.06,101178.72
10,4,12.5,15,97,1,29,53,5,1.36,95797.44
2,4,12.5,8,97,1,29,53,5,0.91,103896.0
10,3,15.6,15,74,9,16,72,5,2.3,53918.8272
16,4,13.3,7,97,5,29,53,5,1.05,149130.72
2,1,15.6,8,102,9,5,75,5,1.99,71928.0
0,3,15.6,0,1,9,10,34,5,2.2,30849.12
2,1,17.3,13,92,3,18,90,5,4.33,67612.32
10,4,12.5,9,68,9,9,47,5,1.3,58554.72
10,3,15.6,8,106,9,16,61,5,2.17,47893.392
7,3,14.0,8,99,9,12,53,5,1.48,93186.72
10,3,13.3,15,59,9,16,53,5,1.4,50562.72
10,3,15.6,15,74,9,16,53,5,2.3,48538.08
2,2,11.6,0,37,6,35,43,6,1.2,18115.2
7,3,15.6,0,74,9,16,6,5,1.91,32979.7872
10,0,13.9,13,83,9,16,61,5,1.4,85194.72
10,3,14.0,0,37,6,26,43,5,2.1,15930.72
10,2,11.6,0,36,6,8,41,1,1.25,14119.2
10,3,13.3,8,74,9,16,53,5,1.44,50562.72
2,3,15.6,8,97,9,18,53,5,2.0,65214.72
0,3,15.6,15,83,6,10,98,5,2.2,32660.64
7,4,13.3,15,97,9,29,53,5,1.34,70489.44
10,1,15.6,15,102,9,18,79,4,2.4,61218.72
4,4,13.3,13,74,9,4,53,5,1.29,47898.72
0,3,15.6,8,97,6,26,72,5,2.2,34045.92
4,3,15.6,8,74,9,10,53,5,2.18,44542.08
4,3,15.6,8,106,1,20,7,5,2.2,64961.1072
18,3,15.6,15,106,1,16,98,4,1.95,74589.336
2,2,11.6,0,37,4,23,43,5,1.1,13053.6
7,3,15.6,36,83,6,10,61,5,2.04,27783.9216
2,1,15.6,8,102,3,29,96,5,2.24,158135.04
7,3,15.6,8,74,9,16,69,5,2.04,47365.92
2,1,17.3,8,102,1,18,94,5,3.0,80133.12
10,1,15.6,15,102,9,18,79,5,3.2,74538.72
7,4,13.3,15,97,9,16,53,5,1.32,74538.72
4,3,14.0,8,78,9,16,53,5,1.64,68184.0144
7,3,15.6,0,56,6,4,47,5,1.63,36709.92
4,3,17.3,15,83,9,5,7,2,2.8,47365.92
10,3,24.0,8,68,9,16,47,7,2.02,71395.2
10,3,15.6,8,97,6,10,66,5,2.2,42570.72
10,3,15.6,0,56,9,22,67,4,2.2,24455.52
4,3,15.6,8,74,6,26,24,5,2.3,31168.8
4,3,15.6,8,79,9,16,53,5,1.9,73366.56
4,1,17.3,15,102,1,5,80,5,4.42,160520.3856
16,3,15.6,15,74,9,26,53,5,2.0,45820.8
2,3,15.6,12,97,9,18,89,5,2.0,69210.72
12,3,13.3,15,41,6,25,43,5,1.2,19660.32
2,1,15.6,15,77,9,5,79,5,2.3,87858.72
4,3,15.6,8,99,9,16,69,5,1.93,72940.32
4,3,15.6,8,83,9,16,7,5,2.2,42486.0048
7,3,15.6,8,112,6,16,42,5,1.86,21258.1872
7,1,17.3,8,102,0,10,79,5,2.62,95850.72
10,3,14.0,15,97,9,16,72,5,1.87,45767.52
4,4,13.3,31,106,9,16,61,5,1.2,74538.72
4,3,14.0,8,56,6,4,47,5,1.6,39207.1536
7,4,13.3,21,97,9,16,53,5,1.34,61005.6
0,1,15.6,8,77,9,10,75,2,2.4,42517.44
2,3,15.6,0,17,6,26,13,5,2.0,18594.72
7,3,15.6,8,59,6,4,53,5,2.1,37589.04
10,3,14.0,8,74,6,26,53,5,1.87,41824.8
10,3,15.6,8,68,6,10,47,4,2.15,24634.008
7,3,15.6,8,56,6,26,47,5,1.86,21152.16
10,3,15.6,15,97,9,29,53,5,1.99,92121.12
10,3,15.6,8,56,6,4,47,5,2.2,26586.72
4,3,15.6,8,74,9,16,53,5,1.9,59513.2272
4,1,17.3,15,102,1,18,80,5,4.42,143802.72
7,3,17.3,2,56,9,10,47,5,2.65,28992.312
7,3,17.3,8,97,9,10,69,5,2.63,68198.4
2,3,15.6,0,37,6,26,43,2,2.0,11934.72
12,3,13.3,15,30,6,23,40,5,1.35,13586.4
10,3,17.3,2,97,8,5,72,5,2.8,50562.72
7,3,15.6,15,2,8,4,7,5,1.91,30310.992
4,3,15.6,0,56,6,10,22,5,2.18,32921.712
0,0,11.6,13,38,6,23,43,5,1.25,18594.72
10,3,15.6,8,60,6,4,53,5,2.05,33566.4
7,4,13.3,19,47,1,29,46,5,1.16,104695.2
10,3,17.3,15,102,9,16,109,5,3.4,159786.72
2,3,15.6,8,77,9,5,75,5,2.5,44701.92
4,4,13.3,11,83,9,4,61,5,1.21,85194.72
4,3,15.6,0,78,6,26,53,5,1.93,51095.52
10,3,15.6,8,113,6,26,44,5,2.2,18328.32
10,3,14.0,0,74,6,26,53,5,2.02,52747.2
7,5,17.3,2,79,9,26,101,5,3.14,99153.5472
7,3,14.0,0,112,9,22,42,5,1.94,20725.92
7,3,15.6,15,15,8,16,7,5,1.95,34578.72
10,3,15.6,8,74,9,16,53,5,2.3,44222.4
10,3,15.6,8,83,6,26,53,5,2.05,36496.8
12,3,14.0,8,30,6,25,40,5,1.4,13266.72
16,4,14.0,7,97,1,29,53,5,1.24,99367.2
10,1,17.3,15,93,5,18,80,5,4.6,141884.64
11,1,17.3,8,103,1,31,80,5,4.14,145401.12
4,3,15.6,8,97,9,16,24,2,2.2,39907.2528
12,3,14.0,15,41,6,25,43,5,1.45,20725.92
4,3,15.6,0,78,9,26,53,5,1.9,53733.9456
7,3,13.3,8,59,6,4,53,5,1.49,38308.32
4,3,15.6,8,99,1,16,69,5,1.93,81912.1392
4,2,11.6,0,36,6,7,41,1,1.26,15717.6
11,1,17.3,8,93,1,5,93,5,4.5,125154.72
7,1,17.3,15,102,1,18,75,5,3.78,79813.44
10,4,14.0,15,91,0,16,47,5,8.4,89137.44
10,3,15.6,36,106,0,10,53,5,2.2,32447.52
2,1,17.3,15,77,9,5,79,5,2.73,94305.6
2,0,15.6,36,74,9,10,47,5,2.2,39373.92
10,3,15.6,8,5,0,29,7,5,2.2,50562.72
4,0,31.6,36,48,6,4,52,5,1.39,32127.84
15,3,15.6,8,102,1,5,75,5,2.5,90522.72
10,3,17.3,8,56,6,26,47,4,2.8,28185.12
10,3,15.6,0,58,9,10,47,5,2.29,24455.52
10,0,13.3,13,97,9,29,53,5,1.37,107892.0
10,3,14.0,15,77,9,16,55,5,1.7,78534.72
4,0,12.5,7,74,9,16,53,5,1.34,88977.6
4,5,15.6,7,102,9,16,108,5,2.06,93932.64
7,3,15.6,8,97,9,16,53,5,1.84,64948.32
7,3,15.6,0,59,6,26,53,5,2.1,35616.6144
0,3,14.0,8,41,6,23,43,5,1.6,17529.12
11,1,17.3,8,93,1,5,91,5,4.14,117162.72
4,3,15.6,0,56,6,10,22,2,2.18,24775.2
11,1,15.6,6,102,1,20,79,5,1.8,122490.72
16,3,15.6,15,89,9,16,47,5,2.2,74538.72
10,3,15.6,8,74,8,10,53,5,2.4,30049.92
10,0,15.6,13,102,9,16,55,5,2.0,69210.72
0,3,14.0,0,112,6,2,42,5,1.6,18594.72
10,3,15.6,12,116,5,12,104,5,2.5,261018.72
4,1,15.6,8,92,1,10,88,5,2.59,46833.6528
4,3,15.6,0,54,6,10,47,2,2.18,23650.992
4,3,15.6,0,54,6,10,47,2,2.25,19127.52
4,3,15.6,0,78,6,26,53,2,1.93,46300.32
2,1,17.3,8,102,9,5,75,5,3.0,62231.04
7,4,15.6,8,97,9,29,53,5,1.84,74005.92
11,1,15.6,8,102,1,18,80,5,2.94,120831.5808
0,0,11.6,27,40,6,23,41,1,1.25,20193.12
7,3,14.0,0,78,9,16,53,5,2.31,59886.72
10,3,14.0,8,68,9,16,47,7,1.65,78055.2
4,3,15.6,8,83,6,10,7,5,2.2,41345.28
5,3,15.6,0,74,9,16,53,5,2.2,42570.72
7,3,15.6,0,68,6,26,47,7,1.88,49656.96
12,3,14.0,8,30,4,23,40,5,1.4,12733.92
10,3,15.6,8,74,6,4,53,4,2.2,24935.04
2,0,13.3,7,74,8,10,53,5,1.5,34046.4528
2,4,14.0,8,97,1,29,53,5,11.1,101232.0
4,1,15.6,8,102,1,18,76,5,2.62,78801.12
10,3,15.6,8,83,6,16,61,5,1.8,44169.12
10,3,15.6,8,56,6,10,67,5,2.2,30849.12
2,3,15.6,0,37,9,10,43,5,2.0,21258.72
2,3,15.6,8,77,9,10,75,5,1.99,48304.7136
4,4,13.3,31,83,9,16,61,5,1.23,99580.32
10,3,14.0,0,36,4,23,41,5,1.42,13266.72
10,0,13.3,13,97,9,16,53,5,1.37,93635.3376
4,3,15.6,5,102,1,12,75,5,2.06,127818.72
10,1,15.6,15,102,9,5,77,5,2.5,59087.52
7,3,17.0,2,14,9,10,17,5,2.6,27753.552
10,4,14.0,15,97,1,29,53,5,1.14,130536.0
2,1,15.6,15,102,9,10,76,4,2.5,62284.32
0,3,15.6,0,56,6,26,47,5,2.4,23976.0
10,3,14.0,0,36,6,23,40,5,1.43,14598.72
0,4,14.0,15,74,9,16,39,5,1.8,48964.32
14,1,14.0,8,102,1,16,79,5,1.95,138474.72
16,3,13.3,8,68,9,16,47,5,1.2,64628.64
10,4,12.5,15,97,9,16,53,5,1.36,84395.52
2,1,17.3,15,93,5,29,82,5,3.8,149130.72
0,1,15.6,8,77,9,10,75,2,2.4,37775.52
4,4,13.3,8,83,9,16,61,5,1.2,77250.672
11,1,15.6,8,102,9,5,76,5,2.2,63499.104
7,3,15.6,0,56,6,26,47,4,1.86,19441.872
16,3,15.6,15,74,9,26,53,5,2.0,56689.92
4,3,15.6,8,106,9,16,7,5,6.2,48964.32
4,3,15.6,8,106,1,20,7,5,2.2,60472.8
10,1,15.6,15,92,9,5,87,5,3.31,63722.88
4,1,17.3,12,102,5,31,80,5,4.42,167691.8736
4,3,14.0,8,71,9,16,47,5,1.56,65481.12
10,3,15.6,0,37,6,26,43,5,2.2,22324.32
10,3,15.6,8,68,6,26,47,5,2.2,28504.8
7,3,15.6,3,56,8,10,24,5,2.04,28717.92
11,1,17.3,8,102,9,5,79,5,2.7,79215.1056
16,3,15.6,0,57,6,4,47,5,2.1,26533.44
7,3,15.6,8,97,9,10,7,5,2.1,39693.6
16,3,15.6,15,74,9,16,53,5,2.0,67026.24
0,3,15.6,0,56,6,4,47,2,2.1,21951.36
13,4,13.5,37,99,9,16,58,6,1.252,99519.048
10,3,15.6,8,74,9,5,24,5,1.9,43580.376
10,0,13.3,13,74,9,16,53,5,1.3,55091.52
10,3,35.6,0,21,6,4,13,5,2.2,18594.72
7,0,14.0,13,59,6,4,72,5,1.63,37242.72
11,1,15.6,8,102,1,18,75,5,2.4,68944.32
2,4,14.0,8,74,9,16,53,5,1.1,60472.8
7,0,11.6,36,37,9,35,43,1,1.4,26373.6
9,4,15.6,15,106,9,29,53,5,1.09,122490.72
0,1,15.6,8,77,1,16,76,5,2.5,69210.72
11,1,15.6,8,77,9,16,75,5,2.2,53168.112
2,3,15.6,0,37,6,4,43,5,1.86,22324.32
4,1,15.6,8,77,1,5,79,5,3.21,109277.28
7,3,17.3,15,56,6,16,19,5,2.5,37242.72
10,0,13.3,13,106,9,29,61,5,1.19,79866.72
4,1,15.6,8,103,1,18,80,5,3.49,149916.6
7,3,15.6,0,74,6,26,6,5,1.86,32639.8608
4,3,15.6,0,56,6,10,24,5,2.2,29073.2976
7,3,17.3,15,0,8,22,29,5,2.65,30316.32
10,3,15.6,0,33,6,26,45,5,2.1,16943.04
0,3,14.0,0,33,6,23,45,1,1.45,19980.0
10,3,14.0,8,74,6,16,53,5,1.7,37242.72
7,5,17.3,8,102,9,26,101,5,3.14,101657.7072
10,0,14.0,39,97,9,16,53,5,1.42,137995.2
16,3,13.3,15,74,9,16,53,5,1.5,51841.44
0,2,11.6,0,34,6,23,40,5,1.4,14332.32
10,0,14.0,7,97,1,29,53,5,1.38,93186.72
2,0,12.5,7,49,6,35,46,1,1.2,35644.32
16,4,13.3,7,89,1,29,47,5,1.36,100006.56
4,1,15.6,8,77,9,10,75,5,2.56,43636.32
10,3,15.6,8,13,6,16,7,5,2.2,21258.72
10,3,15.6,0,5,9,10,25,5,2.2,22857.12
10,3,15.6,8,74,6,11,53,5,2.1,33110.856
10,3,15.6,0,56,6,26,47,4,1.9,23976.0
4,3,15.6,8,74,9,16,53,5,2.18,42357.6
0,0,13.3,13,83,2,16,61,5,1.6,53226.72
10,5,15.6,8,89,1,29,107,7,2.18,98834.4
10,3,14.0,8,70,9,16,47,5,1.8,63456.48
7,3,17.3,15,1,8,22,7,5,2.71,34898.9328
10,1,15.6,15,102,9,5,76,5,2.5,66546.72
4,3,14.0,8,79,9,16,69,2,1.64,58021.92
4,3,15.6,8,74,9,10,53,2,1.98,38681.28
2,3,14.0,8,37,6,23,43,5,1.5,15877.44
4,3,15.6,8,78,1,29,53,5,1.93,76012.4448
10,3,14.0,15,74,9,16,66,5,1.87,45664.6896
4,3,15.6,8,78,9,16,53,5,1.9,62817.12
10,3,15.6,0,7,6,26,15,5,2.19,15877.44
12,3,14.0,16,28,6,24,41,5,1.4,14119.2
7,3,17.3,8,97,9,16,69,5,2.63,63936.0
10,4,14.0,20,89,7,29,47,5,1.17,89864.1792
7,0,13.3,27,74,9,16,53,5,1.58,44574.048
10,4,14.0,15,74,9,16,53,5,1.32,79866.72
4,1,17.3,6,102,5,13,80,5,4.36,194972.832
11,1,17.3,8,102,9,5,76,5,2.7,71847.0144
10,3,15.6,0,74,6,10,53,4,1.9,26101.872
4,0,13.3,7,59,6,10,53,5,1.71,34578.72
4,3,15.6,0,74,9,10,30,2,2.32,31409.6256
7,3,15.6,8,14,6,10,6,5,2.1,26053.92
0,1,17.3,15,92,1,5,79,5,4.2,103096.8
4,3,15.6,0,74,0,10,53,5,2.25,34578.72
7,3,15.6,8,15,8,5,6,5,2.1,34632.0
0,3,15.6,0,74,6,26,53,5,2.4,29783.52
10,3,13.3,15,74,9,16,53,5,1.44,51148.8
10,3,15.6,8,97,6,10,53,5,1.85,41505.12
7,5,15.6,8,102,1,16,103,5,2.6,128884.32
4,0,13.3,7,83,9,10,61,5,1.55,35111.52
11,1,15.6,8,102,1,18,79,5,1.8,111593.8944
0,3,15.6,0,56,6,26,47,5,2.4,21887.424
4,3,15.6,8,97,9,5,72,5,2.0,64308.96
4,3,15.6,0,56,9,16,47,5,2.0,35431.2
16,3,14.0,13,74,9,16,53,5,1.25,81784.8
10,0,14.0,7,74,9,16,53,5,1.7,53226.72
10,5,15.6,12,99,1,12,107,5,2.5,175770.72
0,3,14.0,0,36,4,23,41,1,1.68,17582.4
15,4,13.3,8,97,1,16,53,5,0.81,87858.72
4,3,14.0,0,74,9,16,53,5,1.6,60031.1088
7,5,17.3,15,115,1,16,102,7,3.0,233845.92
10,2,11.6,36,36,6,4,41,5,1.4,25308.0
7,3,15.6,8,71,9,16,47,5,1.84,101232.0
2,3,15.6,0,70,6,10,86,4,2.45,30849.12
2,3,15.6,0,97,6,16,53,5,2.37,45282.672
10,0,13.3,19,69,9,16,50,5,1.3,63882.72
7,3,15.6,15,77,9,5,75,5,2.2,58554.72
7,5,15.6,8,92,9,16,100,7,2.59,83170.08
4,1,15.6,12,102,1,18,80,5,4.42,152859.7872
0,3,15.6,0,74,6,16,53,5,2.1,31914.72
10,1,15.6,15,102,9,5,75,5,2.5,55837.44
4,4,12.5,8,99,1,16,53,5,1.18,99047.52
6,4,12.3,38,82,9,16,52,1,1.1,83063.52
2,4,13.3,21,74,9,16,53,5,1.2,60153.12
4,3,13.3,0,56,6,26,47,5,1.65,45234.72
0,3,13.3,0,68,6,4,47,5,1.6,34898.4
2,3,17.3,0,113,6,10,66,5,2.8,25059.7152
4,1,15.6,26,92,1,5,89,5,2.72,58554.72
15,4,13.3,7,97,9,16,53,5,1.31,85194.72
0,3,15.6,0,113,6,10,44,2,2.1,15877.44
4,3,15.6,8,97,1,39,30,5,2.3,62938.0656
15,0,15.0,7,97,1,16,8,5,1.71,95850.72
16,3,14.0,9,68,6,4,47,5,1.75,54345.6
4,1,15.6,8,102,9,10,75,5,2.62,58554.72
2,0,15.6,7,97,0,22,72,5,2.3,44701.92
10,3,15.6,6,94,1,29,102,7,2.5,126273.6
0,3,14.0,15,59,6,4,53,5,1.8,33886.08
14,1,14.0,8,102,1,29,79,5,1.95,154458.72
2,3,15.6,3,110,9,4,44,5,2.0,31003.632
4,1,17.3,15,102,5,13,81,5,4.42,191211.264
2,1,17.3,15,92,1,18,80,5,4.3,125208.0
16,4,14.0,15,91,1,29,68,5,1.47,93985.92
10,3,15.6,0,42,9,10,42,4,2.2,17529.12
10,4,14.0,8,97,1,29,53,5,1.7,122490.72
11,1,14.0,15,102,1,18,79,5,1.6,100752.48
11,1,15.6,8,77,9,5,75,5,2.2,58021.92
10,1,15.6,15,102,6,10,75,5,2.4,53226.72
0,1,17.3,15,102,1,18,79,5,4.2,122490.72
4,1,15.6,8,77,9,16,75,5,2.62,52480.8
2,1,15.6,8,102,9,5,95,5,2.24,71341.92
17,3,14.0,3,37,6,23,43,5,1.22,10810.512
10,0,13.3,13,97,9,29,53,5,1.37,104961.6
10,0,15.6,7,74,9,16,31,5,2.08,51095.52
1,4,12.0,22,44,9,28,49,3,0.92,62071.2
10,0,14.0,30,74,9,16,53,5,1.42,124142.4
2,3,14.0,0,37,6,23,43,5,1.63,15930.72
4,3,15.6,0,74,9,4,53,5,1.95,43156.8
10,0,13.9,13,97,9,16,53,5,1.38,71874.72
4,3,15.6,8,56,9,16,23,5,2.0,39373.92
7,5,15.6,8,102,9,16,103,5,3.14,110017.872
2,3,15.6,8,74,9,16,53,5,2.37,58554.72
4,4,13.3,8,74,9,16,53,5,1.29,79866.72
4,3,15.6,5,77,9,16,75,5,2.06,93186.72
4,2,11.6,0,113,6,4,44,5,1.63,39640.32
7,2,12.5,0,78,9,16,53,5,1.26,74005.92
16,3,15.6,0,68,6,26,47,5,2.1,41558.4
7,3,15.6,0,3,9,22,26,5,2.04,33513.12
4,1,15.6,6,102,1,29,76,5,2.62,89457.12
10,3,15.6,8,74,6,10,65,5,2.4,32447.52
7,1,17.3,15,102,0,10,37,5,3.74,93186.72
11,1,17.3,8,102,1,31,80,5,2.9,128671.2
15,4,13.3,8,74,9,16,53,5,0.81,79866.72
4,3,15.6,8,97,9,10,74,5,1.98,51202.08
4,3,15.6,8,74,9,16,22,5,2.18,42081.0768
10,4,14.0,8,97,9,16,53,5,1.32,99047.52
14,4,12.5,11,96,1,29,53,5,1.29,95850.72
7,2,11.6,0,36,6,7,41,1,1.23,20512.8
4,1,17.3,15,102,1,5,79,5,4.36,133467.4656
4,3,14.0,0,68,6,26,47,5,1.76,40226.4
10,3,15.6,0,56,6,26,47,5,2.1,26101.872
16,4,14.0,0,74,6,4,53,5,1.25,58075.2
10,4,14.0,15,97,9,29,53,5,1.13,133146.72
11,1,15.6,8,77,9,16,75,5,2.4,63882.72
10,4,14.0,15,74,9,15,53,5,1.13,99900.0
16,3,14.0,0,108,6,4,45,5,1.75,26586.72
2,0,13.3,34,74,9,16,53,5,1.1,72354.24
4,3,14.0,0,56,6,26,47,5,1.76,31168.8
0,2,11.6,9,36,6,23,41,1,1.35,18914.4
0,3,14.0,15,59,9,4,53,5,1.5,32980.32
14,1,17.3,5,103,5,29,82,5,3.49,292986.72
10,4,14.0,20,91,1,29,47,5,1.1,111834.72
2,3,15.6,8,74,6,10,64,2,2.1,27652.32
10,3,14.0,8,68,9,16,47,5,1.7,63190.08
10,3,14.0,15,78,9,16,53,5,1.32,87912.0
4,1,15.6,8,102,1,18,80,5,3.21,147832.2864
2,1,17.3,8,102,1,18,80,5,2.9,128884.32
16,3,15.6,0,59,6,26,53,5,2.0,35644.32
10,3,14.0,0,40,6,7,41,1,1.5,17316.0
2,3,15.6,8,74,9,3,53,5,2.3,31435.2
2,1,17.3,8,92,1,31,79,5,2.73,95850.72
4,1,17.3,15,102,5,31,80,5,4.42,163723.5792
7,3,17.3,2,74,9,10,69,5,2.63,48484.8
4,3,15.6,0,74,9,4,53,5,2.18,38041.3872
7,4,14.0,8,89,9,29,47,7,1.54,99633.6
4,3,15.6,8,97,6,16,22,5,2.18,39373.92
7,0,11.6,36,37,6,23,43,1,1.4,32767.2
2,4,13.3,15,68,9,29,71,5,1.45,54665.28
7,0,13.3,7,74,9,16,53,5,1.28,121318.56
7,4,14.0,8,89,9,29,47,5,1.54,78215.04
7,3,15.6,0,36,6,4,41,4,1.86,15930.72
2,1,15.6,8,102,1,5,79,5,2.1,101178.72
4,3,17.3,8,97,9,10,30,2,2.83,46087.2
10,4,14.0,15,102,9,16,74,5,1.96,101391.84
2,3,15.6,15,97,9,16,83,5,2.3,41931.36
4,3,15.6,8,74,9,4,53,5,1.9,50349.6
2,3,15.6,0,113,6,10,44,5,2.0,23922.72
7,0,13.3,7,99,9,16,53,5,1.28,136343.52
4,3,13.3,7,68,9,10,47,5,1.62,34578.72
10,3,15.6,8,54,6,10,47,4,2.2,24988.32
10,3,15.6,15,74,9,10,53,5,2.3,45323.1648
7,3,15.6,8,78,9,16,32,5,1.84,71874.72
16,3,13.3,8,74,6,4,53,5,1.05,68464.8
10,1,15.6,15,77,9,10,75,4,2.5,54185.76
4,4,13.3,31,100,1,29,58,5,1.29,119347.2
7,3,15.6,8,68,6,26,47,5,2.07,48484.8
16,4,13.3,0,68,9,16,47,5,1.2,58341.6
10,0,13.3,13,97,9,16,53,5,1.37,103896.0
0,3,14.0,15,74,9,16,53,5,1.56,48058.56
4,5,15.6,8,102,9,10,108,5,2.23,94731.84
10,3,15.6,0,74,6,26,53,5,2.38,56210.4
10,3,15.6,8,56,6,10,24,4,2.2,25521.12
16,3,15.6,15,97,9,16,53,5,2.0,73952.64
10,3,13.3,15,59,6,9,53,5,1.44,39160.8
15,4,15.0,8,97,1,16,72,5,1.23,98514.72
4,4,12.5,8,99,9,16,53,5,1.6,90043.2
2,3,15.6,0,113,6,10,44,2,2.0,21258.1872
18,4,13.3,15,68,9,16,72,5,1.28,49816.8
4,3,15.6,8,74,6,5,72,5,2.18,48618.0
7,3,15.6,8,74,6,16,53,5,2.04,44701.92
7,0,13.3,7,74,6,16,53,5,1.28,90576.0
7,0,15.6,36,74,6,26,53,5,2.3,36486.144
2,3,14.1,0,37,6,23,43,5,1.65,18541.44
10,3,15.6,15,89,9,10,72,5,2.2,35644.32
4,3,15.6,0,112,6,26,40,5,2.2,19660.32
7,0,13.3,7,74,6,16,53,5,1.28,95850.72
4,3,15.6,0,54,6,10,23,2,2.18,24279.696
2,1,17.3,8,77,0,5,75,5,2.2,72988.272
0,2,11.6,9,36,6,23,41,1,1.25,15824.16
10,3,17.3,2,6,6,26,14,5,2.8,20193.12
7,3,14.0,8,74,6,4,53,5,1.95,67399.2
7,0,13.3,31,97,1,16,53,5,1.42,74538.72
15,4,15.0,8,97,9,16,53,5,1.17,90522.72
10,4,14.0,15,74,9,16,53,5,1.32,95850.72
11,1,17.3,12,92,1,33,79,5,2.43,141138.72
16,3,13.3,8,74,9,16,53,5,1.05,78588.0
4,1,15.6,8,102,9,10,78,2,2.62,49497.12
7,3,15.6,8,97,9,10,69,5,2.04,47952.0
4,3,15.6,0,54,6,10,23,5,2.18,32713.92
4,3,15.6,8,78,9,26,53,5,1.9,49816.8
4,0,13.3,31,105,9,29,52,5,1.24,107257.968
2,1,17.3,15,93,5,19,93,5,3.58,68145.12
4,0,13.3,7,105,1,16,52,5,1.22,87858.72
10,4,14.0,15,97,9,15,53,5,1.13,109170.72
10,3,15.6,15,74,9,29,53,5,1.95,104588.1072
9,4,15.6,13,97,1,29,53,5,1.08,111834.72
7,2,12.5,8,97,9,29,53,5,1.26,79014.24
0,3,15.6,15,32,6,7,40,1,2.2,19127.52
10,3,15.6,15,70,9,5,89,5,2.6,42037.92
9,4,14.0,13,97,9,29,53,5,0.98,101178.72
4,3,14.0,8,79,9,16,53,5,1.6,64202.4
7,4,12.5,5,47,9,14,46,5,1.09,165168.0
10,3,15.6,8,97,8,16,72,5,2.2,42037.92
7,3,15.6,8,97,9,16,69,5,2.04,54291.7872
0,3,15.6,8,59,6,10,53,5,2.4,26586.72
10,3,13.3,8,74,6,4,53,5,1.44,46939.68
7,3,13.3,8,74,9,16,53,5,1.49,51148.8
11,1,17.3,8,102,1,18,76,5,2.7,85194.72
4,1,15.6,8,102,1,5,76,5,2.6,71874.72
11,1,15.6,8,77,9,5,75,5,2.2,59668.8048
4,3,15.6,0,74,6,10,22,5,2.18,36496.2672
7,4,15.6,8,89,9,16,28,5,1.84,69103.6272
10,0,13.3,13,74,9,29,53,5,1.37,97236.0
4,3,15.6,0,68,6,26,47,5,1.95,38889.072
10,4,12.5,15,97,9,16,53,5,1.36,87912.0
7,3,15.6,8,68,9,16,47,5,2.31,62071.2
4,3,15.6,0,74,6,10,53,5,2.18,37725.4368
7,3,14.0,0,68,6,26,47,5,1.95,61218.72
10,3,15.6,0,113,6,10,44,5,2.2,16463.52
7,4,12.5,8,68,6,26,47,5,1.26,84129.12
7,3,15.6,0,36,6,10,41,4,1.86,15392.592
10,0,13.3,19,90,1,12,56,5,1.3,95850.72
16,3,14.0,15,68,6,4,47,5,1.47,58874.4
7,2,12.5,8,68,9,16,47,5,1.26,88924.32
4,3,15.6,0,54,6,10,47,5,2.18,29762.208
11,1,15.6,8,102,9,5,75,5,2.2,63882.72
4,1,17.3,4,93,1,31,82,5,4.36,146946.24
7,1,17.3,15,70,9,5,90,5,2.75,74538.72
2,3,17.3,2,112,6,10,66,5,2.8,28238.4
0,3,15.6,0,74,6,26,53,5,2.23,32980.32
16,3,15.6,0,68,9,16,47,5,2.2,59620.32
10,0,11.3,13,53,9,16,46,5,1.1,69210.72
10,1,15.6,15,23,1,31,33,5,2.5,53226.72
4,4,12.5,7,74,9,16,40,5,1.36,78438.816
10,3,15.6,8,97,9,10,66,4,2.2,36496.8
4,3,17.3,2,54,6,10,30,5,2.36,35111.52
0,3,14.0,0,36,6,23,41,1,1.68,18594.72
7,5,15.6,15,94,9,38,100,5,2.0,119826.72
4,4,14.0,8,99,9,16,53,5,1.36,94572.0
16,3,13.3,8,68,9,16,47,7,1.2,77788.8
2,0,12.5,8,50,9,35,46,1,1.2,61751.52
10,4,14.0,15,91,9,16,47,5,1.7,79333.3872
4,1,17.3,12,102,1,31,80,5,4.36,168045.12
4,0,13.3,7,81,9,16,52,5,1.24,101178.72
7,0,11.6,36,113,6,16,44,5,1.45,41292.0
4,4,13.3,32,89,9,16,47,5,1.3,67559.04
0,0,11.6,27,36,6,23,41,1,1.25,20725.92
16,3,13.3,8,71,9,16,47,5,1.2,81784.8
10,4,12.5,15,78,9,16,53,5,1.36,93772.8
0,3,15.6,8,74,0,5,86,5,2.4,53759.52
16,4,12.5,7,97,9,29,53,5,1.1,95371.2
7,3,15.6,0,73,9,10,69,5,2.04,45101.52
4,3,15.6,0,54,6,10,24,2,2.25,24808.2336
4,3,15.6,0,74,6,26,53,5,1.9,43956.0
7,3,15.6,8,59,6,26,53,5,2.04,36496.8
4,1,17.3,15,102,5,18,80,5,4.42,167778.72
10,3,15.6,8,74,8,16,66,5,2.4,37029.6
4,0,13.3,31,105,1,29,52,5,1.22,101178.72
4,4,14.0,39,91,9,16,47,5,1.5,104587.5744
4,1,17.3,8,92,5,18,80,5,4.42,149184.0
16,3,14.0,8,68,9,16,47,5,1.95,62870.4
2,1,17.3,8,102,1,18,79,5,2.73,109218.672
7,3,15.6,15,75,9,5,69,5,2.04,52161.12
10,3,14.0,0,68,6,27,47,7,1.7,53386.56
2,0,15.6,5,97,1,33,86,5,2.3,95850.72
2,1,17.3,8,102,1,18,76,5,2.99,93186.72
4,0,15.6,13,97,0,29,53,5,2.19,69210.72
16,3,13.3,8,68,6,4,47,7,1.2,63669.6
10,3,15.6,8,5,8,16,7,5,2.2,29250.72
5,3,15.6,0,68,6,16,47,5,2.3,34578.72
16,3,14.0,0,68,6,26,47,5,1.75,48751.2
4,3,15.6,0,74,6,26,24,5,2.25,31914.72
7,3,15.6,8,74,9,10,53,5,2.04,42943.68
10,1,15.6,15,102,9,5,79,5,2.5,63349.92
4,3,15.6,0,97,9,10,30,5,2.36,39906.72
4,3,14.0,8,74,9,4,54,5,1.6,59620.32
7,2,12.5,8,47,9,29,46,5,0.97,101658.24
7,3,15.6,8,56,6,5,6,5,2.1,26586.72
10,3,15.6,0,37,6,4,43,4,1.9,14418.6336
10,3,15.6,8,68,9,16,47,5,2.3,71874.72
2,3,13.3,32,74,9,16,53,5,1.4,61272.0
7,4,13.3,13,97,9,16,53,5,1.11,71874.72
0,3,15.6,0,113,6,26,44,5,2.4,20246.4
2,1,15.6,8,102,1,18,76,5,2.5,95850.72
7,4,14.0,8,97,9,29,53,5,1.48,111301.92
0,1,15.6,15,102,9,5,75,5,2.7,67132.8
7,3,13.3,15,74,9,16,53,5,1.34,63349.92
4,3,15.6,0,59,6,4,53,5,2.18,29144.16
7,3,14.0,0,74,6,26,53,5,1.64,41505.12
16,3,13.3,8,68,6,4,47,5,1.2,63669.6
7,3,14.0,0,71,6,16,47,5,1.48,58607.4672
7,3,14.0,8,74,6,16,53,5,1.95,64202.4
7,4,14.0,8,91,9,16,47,7,1.43,77202.72
7,3,14.0,8,74,9,16,69,5,1.64,55904.5728
7,3,14.0,0,59,6,26,53,5,1.64,36443.52
4,1,15.6,8,77,9,1,75,5,2.65,50562.72
7,4,12.5,8,74,6,26,53,5,1.26,81997.92
7,3,14.0,8,74,6,16,53,5,1.48,84715.2
7,4,14.0,8,89,9,16,47,5,1.54,100550.5488
7,3,13.3,0,59,6,26,53,5,1.49,42624.0
16,3,13.3,0,68,9,16,47,5,1.5,64468.8
7,3,15.6,0,59,6,16,53,5,2.04,41025.0672
10,3,17.3,12,94,1,29,99,7,2.4,158135.04
16,3,14.0,15,68,9,16,47,5,1.47,79387.2
7,3,14.0,8,89,9,16,47,5,1.43,118761.12
4,0,15.6,13,58,6,10,47,5,2.08,42410.3472
16,4,13.3,8,68,9,16,47,5,1.2,84715.2
7,3,13.3,15,74,9,16,53,5,1.11,61218.72
7,3,14.0,8,97,9,16,69,5,1.64,63159.7104
4,3,15.6,8,71,9,26,47,5,2.09,55754.3232
7,4,12.5,0,74,6,16,53,5,1.26,83063.52
7,3,14.0,0,74,6,26,53,5,2.31,63349.92
7,3,14.0,0,74,6,26,53,5,1.95,56476.8
4,4,13.3,31,74,9,16,53,5,1.29,86526.72
7,3,17.3,8,74,9,16,69,5,2.63,57542.4
7,3,14.0,0,74,6,16,53,5,1.64,51841.44
0,3,15.6,0,14,8,10,17,5,2.1,21791.52
11,1,17.3,8,102,9,5,75,5,2.7,63499.104
7,3,14.0,8,68,9,16,47,7,1.95,63669.6
7,3,15.6,8,89,9,16,47,5,1.84,65480.5872
7,4,12.5,8,89,9,16,47,5,1.26,71874.72
7,3,15.6,0,74,6,26,53,5,2.04,39533.76
16,4,14.0,15,91,9,16,47,5,1.47,91908.0
4,3,15.6,8,71,9,16,47,7,2.09,56633.976
7,3,14.0,8,74,9,16,53,5,1.64,53839.9728
10,0,15.6,13,89,6,16,47,5,1.8,45128.16
17,3,14.0,0,27,4,23,41,5,1.45,11231.424
16,3,15.6,15,89,1,16,68,5,2.4,75924.0
10,3,15.6,8,68,9,16,47,5,2.3,55922.688
7,3,14.0,8,68,6,26,47,5,1.54,53280.0
7,3,15.6,8,71,9,21,47,5,1.84,112065.9552
7,3,14.0,8,68,9,16,47,7,1.43,78268.32
11,1,17.3,15,93,1,18,93,5,3.78,82351.6992
10,1,17.3,15,92,1,5,93,5,4.6,122010.6672
2,2,11.6,0,36,6,7,41,1,1.2,15339.312
10,3,14.0,10,91,1,16,47,7,1.1,139593.6
7,3,15.6,15,97,9,10,72,5,1.91,52161.12
4,0,15.6,13,76,9,16,53,5,2.3,58288.32
7,3,15.6,0,74,6,16,53,5,2.04,52161.12
4,4,13.3,31,97,1,12,53,5,1.2,120093.12
7,3,15.6,0,58,6,26,47,5,2.31,37570.392
7,3,15.6,0,74,6,26,53,4,1.96,26586.72
0,3,15.6,0,11,9,10,17,5,2.4,23922.72
4,0,13.3,13,97,0,16,53,5,1.6,69210.72
11,1,15.6,8,92,1,18,79,5,2.94,96916.32
2,1,17.3,15,92,1,10,90,4,4.0,53173.44
4,3,15.6,8,74,6,10,40,5,2.25,29783.52
4,3,15.6,8,97,1,22,30,5,2.32,52746.6672
11,1,15.6,8,92,1,18,79,5,1.8,102777.12
4,4,13.3,8,97,9,16,53,5,1.29,77682.24
2,1,17.3,15,93,7,12,92,5,3.58,211788.0
4,0,13.3,7,89,9,16,47,5,1.62,42517.9728
4,1,15.6,6,92,1,18,91,5,3.21,70809.12
1,4,12.0,22,43,9,15,46,3,0.92,69264.0
4,3,15.6,0,58,6,26,47,5,2.06,25679.8944
7,3,15.6,0,68,6,26,47,5,2.31,63882.72
7,4,12.5,8,68,9,16,47,7,1.26,63882.72
7,3,13.3,8,97,9,16,53,5,1.49,58075.2
10,4,12.5,13,89,9,16,47,5,1.3,91294.7472
10,3,17.3,2,68,9,0,21,5,3.0,35111.52
10,3,15.6,15,70,6,10,86,5,2.3,52054.56
11,1,17.3,8,102,1,18,80,5,3.78,133146.72
10,3,15.6,0,68,6,26,47,5,2.1,28771.2
7,3,15.6,8,68,6,26,47,7,2.31,50083.2
10,4,12.5,30,47,9,29,46,5,0.99,74538.72
10,1,17.3,15,93,5,30,93,5,4.6,172627.2
10,0,10.1,28,31,6,35,41,5,0.69,34433.2656
7,4,13.3,12,97,1,29,53,5,1.3,109170.72
4,3,15.6,8,74,9,16,53,5,2.18,39960.0
7,3,14.0,8,68,6,26,47,7,1.54,54931.1472
7,5,15.6,8,89,9,16,0,7,1.9,79653.6
10,3,14.0,8,68,9,9,47,7,1.7,63882.72
7,3,13.3,32,109,6,23,46,1,1.29,32767.2
0,3,15.6,0,11,6,26,17,5,2.4,20619.36
4,3,15.6,0,111,6,26,40,2,2.2,20965.1472
7,3,15.6,0,56,6,10,47,4,1.86,18434.3472
2,1,17.3,15,102,9,18,79,5,2.7,85194.72
4,4,13.3,15,83,6,16,7,5,1.4,43601.688
7,2,12.5,0,68,6,4,47,7,2.4,85194.72
0,3,15.6,8,74,9,18,86,5,2.4,42570.72
4,3,15.6,8,74,9,10,30,5,2.36,34035.264
11,1,17.3,8,92,9,16,90,5,2.6,85194.72
7,3,15.6,0,112,6,10,42,5,1.96,26640.0
2,1,17.3,15,92,1,5,93,5,4.3,122490.72
4,4,12.5,0,58,6,26,47,7,1.5,60480.792
4,4,12.5,0,58,6,4,47,7,1.5,62176.1616
0,3,15.6,0,32,6,8,40,1,2.2,11135.52
7,5,17.3,15,92,9,10,3,7,3.0,154458.72
10,1,15.6,8,102,1,29,76,5,2.4,63882.72
4,4,12.5,0,68,9,16,47,7,1.5,75289.968
11,1,17.3,8,92,9,5,89,5,2.9,80516.2032
10,0,15.6,13,68,6,16,47,5,2.1,46193.76
7,3,15.6,8,8,6,10,15,5,2.1,21205.44
2,1,15.6,15,92,1,5,89,5,2.59,71341.92
7,3,13.3,31,46,9,16,46,5,1.16,90522.72
4,3,15.6,0,68,6,26,20,7,2.24,40980.312
10,3,15.6,0,54,6,4,47,5,2.1,22857.12
7,4,13.3,8,89,9,29,47,5,1.16,104908.32
10,0,10.1,28,31,6,35,41,0,0.69,29250.72
4,4,13.3,8,98,9,16,58,5,1.23,73473.12
10,1,17.3,15,93,1,17,93,5,4.6,146519.4672
14,4,12.5,33,89,9,16,47,5,1.25,54825.12
16,4,13.3,8,97,1,29,53,5,1.05,118601.28
2,1,17.3,8,92,9,5,89,5,3.52,69929.4672
17,3,13.3,8,27,6,23,41,5,1.35,10442.88
7,3,13.3,8,68,9,16,47,5,1.16,90043.2
7,3,14.0,8,68,9,16,47,7,1.43,80612.64
4,3,15.6,0,68,6,26,47,2,2.09,27899.0064
2,3,15.6,0,59,6,10,53,5,2.0,23176.8
10,0,14.0,13,89,9,16,47,5,1.8,88924.32
10,0,10.1,28,31,6,35,41,5,0.69,25521.12
7,4,12.5,0,71,9,16,47,7,1.26,100965.6
10,1,15.6,15,77,9,5,79,4,2.4,52693.92
7,1,17.3,15,70,9,5,79,5,3.35,60153.12
7,3,15.6,0,97,9,22,53,5,2.04,33513.12
10,0,14.0,13,91,9,29,106,7,1.8,109244.2464
2,3,14.0,0,37,6,23,43,5,1.5,14811.84
7,4,15.6,8,97,9,16,53,5,1.84,40066.56
0,3,15.6,8,74,6,10,72,5,2.23,32820.48
10,3,15.6,8,89,1,1,27,5,2.5,58554.72
7,5,17.3,15,92,9,16,105,7,3.0,210424.032
4,3,15.6,0,74,9,10,30,5,2.5,41771.52
11,1,17.3,8,94,1,18,93,5,3.78,127818.72
7,4,15.6,8,89,9,16,47,7,1.88,115709.2416
10,0,14.0,30,91,1,29,47,5,2.8,130003.2
11,1,15.6,8,102,9,5,75,5,2.4,60888.384
7,0,13.3,7,71,9,16,47,5,1.48,86793.12
7,5,15.6,15,92,9,16,100,7,2.59,118761.12
7,0,13.3,39,91,9,16,47,5,1.48,95850.72
7,5,15.6,8,92,9,16,100,7,2.0,101178.72
7,4,12.5,8,88,9,16,47,7,1.26,122381.496
4,3,15.6,8,97,9,16,72,5,2.18,53807.472
7,3,15.6,8,68,9,16,47,7,1.88,84129.12
10,0,14.0,30,89,9,16,47,5,1.27,124621.92
10,3,15.6,0,54,6,10,47,4,1.9,18061.92
7,3,15.6,0,17,6,26,13,5,1.86,15824.16
10,3,15.6,8,68,9,10,21,4,2.32,31914.72
4,1,15.6,8,102,9,10,78,5,2.62,63882.72
4,3,15.6,26,70,9,16,73,5,2.04,119916.2304
7,3,15.6,8,10,6,16,6,5,1.91,25515.2592
11,1,17.3,8,102,1,18,76,5,2.7,79536.384
10,4,14.0,8,91,0,29,47,7,1.4,122490.72
10,3,15.6,8,68,9,1,21,5,2.5,42010.7472
7,0,13.3,39,91,9,29,47,5,1.48,108744.48
10,4,14.0,8,91,9,16,47,7,1.7,79866.72
11,1,14.0,8,92,1,18,91,5,1.7,94252.32
7,1,15.6,15,102,9,10,75,5,2.62,47898.72
10,3,15.6,0,54,9,10,47,5,2.2,24455.52
7,3,15.6,0,68,6,26,47,4,2.1,25414.0272
4,1,15.6,6,102,9,5,76,5,2.62,79813.44
10,3,15.6,15,74,9,16,53,5,1.95,74059.2
10,3,15.6,8,56,6,10,67,5,2.2,24935.04
7,3,14.0,0,36,4,23,41,5,1.44,13266.72
11,1,15.6,15,97,9,10,75,5,2.2,44701.92
7,3,15.6,8,89,9,16,47,5,1.96,36177.12
7,3,15.6,8,106,1,29,61,5,2.1,61751.52
2,3,15.6,0,34,6,26,40,5,2.2,19660.32
10,3,15.6,0,68,6,26,47,4,2.1,21205.44
10,3,15.6,8,97,9,10,72,4,2.2,37775.52
2,3,14.0,8,59,6,16,53,5,2.0,40972.32
10,3,15.6,8,89,6,1,47,7,2.32,43956.0
10,1,15.6,15,92,1,29,87,5,3.31,69530.4
11,1,15.6,8,92,1,5,91,5,1.91,114731.5536
7,3,15.6,0,58,6,26,47,5,2.07,34632.0
10,0,14.0,30,68,9,16,47,5,1.36,87219.36
10,4,15.6,8,97,8,16,65,5,1.54,44275.68
4,3,15.6,8,97,9,16,74,2,1.98,47686.1328
0,3,15.6,0,39,6,26,43,5,2.1,17742.24
7,3,15.6,15,92,8,10,89,5,2.18,42570.72
2,1,15.6,15,92,9,18,89,5,2.591,48431.52
4,0,15.6,7,97,1,29,53,5,2.09,62817.12
0,3,15.6,8,74,6,16,72,5,2.23,36816.48
4,4,13.3,31,71,9,16,47,2,1.23,58554.72
0,1,17.3,15,102,1,18,80,5,4.2,138474.72
10,1,15.6,15,77,9,10,75,5,2.4,43636.32
15,0,12.3,29,117,6,23,38,1,1.15,35111.52
7,3,15.6,0,74,6,26,53,5,1.86,25840.8
1,4,12.0,22,43,9,15,49,3,0.92,61964.64
4,0,13.3,13,74,9,16,53,5,1.6,63882.72
7,3,15.6,15,102,0,5,75,5,2.21,70702.56
10,3,15.6,0,56,6,10,24,4,1.9,19607.04
2,1,17.3,15,92,1,31,93,5,4.3,114552.0
0,3,15.6,0,39,6,10,43,2,2.1,14492.16
11,1,17.3,8,102,1,18,79,5,2.43,109165.392
4,3,15.6,0,54,6,4,29,5,2.3,26586.72
10,3,15.6,0,89,9,26,66,4,2.2,33513.12
4,4,13.3,31,97,1,29,53,5,1.2,142790.4
2,1,15.6,8,92,9,10,79,5,2.2,62284.32
4,3,15.6,8,74,9,16,30,5,2.36,47365.92
7,3,15.6,0,74,9,16,53,5,1.91,30849.12
10,3,15.6,0,18,6,26,13,5,2.2,15930.72
0,3,17.3,2,54,9,10,72,5,3.3,33513.12
2,1,15.6,8,102,1,18,80,5,2.2,130482.72
1,4,12.0,22,44,9,28,46,3,0.92,68145.12
2,3,15.6,8,102,1,5,79,5,2.2,93186.72
11,1,17.3,15,92,1,18,79,5,2.43,103842.1872
4,0,15.6,13,74,9,16,53,5,2.191,53226.72
2,1,17.3,8,102,1,18,79,5,2.9,103842.72
0,2,11.6,0,32,4,25,40,1,1.3,9270.72
0,3,17.3,2,56,6,10,72,5,3.3,31861.44
10,3,17.3,2,74,9,10,53,4,2.8,28717.92
10,1,15.6,15,92,9,5,88,5,2.6,67772.16
0,0,14.0,13,105,9,16,52,5,1.2,61218.72
10,3,15.6,15,91,9,16,47,5,2.3,81465.12
11,1,15.6,8,92,9,5,79,5,2.2,78647.1408
7,3,15.6,8,4,8,10,7,5,2.1,28185.12
4,4,12.5,7,71,9,16,47,7,1.26,91288.3536
4,0,15.0,7,59,6,26,53,5,2.08,27119.52
2,3,15.6,0,112,6,10,42,5,2.65,16463.52
4,4,13.3,31,97,9,16,53,5,1.29,78694.56
4,3,15.6,0,74,6,10,47,2,2.18,27804.7008
10,1,15.6,13,92,1,5,89,5,2.6,54825.12
11,1,15.6,8,102,9,5,75,5,2.2,61218.72
10,2,12.5,13,88,1,29,47,5,1.3,87912.0
14,1,14.0,8,102,1,12,79,5,1.95,186426.72
4,3,15.6,36,59,9,10,53,5,2.3,24988.8528
11,1,17.3,8,102,1,18,79,5,2.7,85141.44
1,4,11.6,0,62,6,15,51,3,1.08,51095.52
7,3,15.6,8,56,6,10,47,5,2.1,25467.84
7,4,14.0,4,89,9,16,47,7,1.54,117119.5632
4,3,15.6,0,68,6,26,47,7,2.24,39267.36
11,1,15.6,8,92,9,5,89,5,2.3,62284.32
10,3,13.3,15,97,1,29,53,5,1.4,79866.72
10,3,15.6,8,5,8,16,7,5,2.2,31838.5296
2,4,13.3,8,89,9,16,47,5,1.45,68198.4
0,3,15.6,0,54,6,26,47,2,2.4,19276.704
4,0,17.3,7,97,1,29,72,5,2.77,95850.72
7,3,14.0,8,68,6,16,47,7,1.54,58607.4672
4,3,14.0,0,74,6,26,53,5,1.6,46620.0
2,1,15.6,15,92,1,18,80,5,2.34,123876.0
10,3,15.6,15,74,9,16,53,4,2.3,30529.44
4,0,13.3,31,81,9,16,52,5,1.24,96596.64
4,3,15.6,0,112,6,26,40,2,2.2,17262.72
7,3,15.6,0,8,6,26,16,5,1.86,21258.72
10,3,15.6,8,58,8,4,66,5,2.4,30316.32
10,3,14.0,15,68,9,16,47,5,1.9,57116.16
4,3,15.6,0,111,6,26,40,5,2.2,23655.7872
2,3,15.6,0,37,6,10,43,5,2.0,18061.92
2,1,17.3,15,92,1,5,91,5,4.0,101232.0
4,3,15.6,0,56,6,26,47,5,2.29,26107.2
10,3,15.6,8,89,9,1,21,7,2.32,47685.6
11,1,15.6,8,92,9,5,89,5,2.4,65481.12
10,0,14.0,7,68,6,4,47,5,1.8,44382.7728
2,4,13.3,15,45,9,29,46,5,1.2,38841.12
4,3,15.6,0,59,8,10,53,5,2.3,24455.52
0,3,15.6,0,36,6,26,41,2,2.4,15397.92
4,3,15.6,0,34,4,26,40,5,2.2,20193.12
10,3,15.6,15,92,9,10,89,5,2.6,47898.72
7,3,15.6,8,12,8,1,29,5,2.04,29303.4672
4,3,15.6,0,97,9,10,24,2,2.3,42943.1472
7,2,11.6,0,36,4,23,41,5,1.17,11135.52
2,3,15.6,0,89,6,26,65,5,2.2,38378.6496
10,0,14.0,13,89,6,4,47,5,1.8,33992.64
10,0,13.3,19,89,1,29,47,5,1.3,79866.72
10,3,14.0,0,34,4,35,40,5,1.5,12201.12
7,3,15.6,0,89,8,10,21,5,2.19,40705.92
